CustomerID,FirstName,LastName,City
1,Dennis,Cooper,Sololá
2,Wayne,Medina,Yulin
3,Jeremy,Bryant,Ropa
4,Kathy,West,Timaru
5,Cynthia,Wilson,Sanghan
6,Ann,Nguyen,Jishan
7,Kelly,Cole,Palauig
8,Maria,Webb,Kunvald
9,Michael,Torres,Guiniculalay
10,Justin,Olson,La Serena
11,Fred,Austin,Chiquinquirá
12,Michael,Peters,Migues
13,Sandra,Schmidt,Labrador City
14,Joe,Warren,Mantar
15,Phyllis,Perkins,Colorado Springs
16,Virginia,Campbell,Karelichy
17,Rebecca,Dunn,Maripa
18,Irene,Fisher,Lófos
19,Marilyn,Alexander,Bagaces
20,Wanda,Alvarez,Vale
21,Linda,Rivera,Wellington
22,Justin,Hunt,Yulao
23,Kelly,Garza,Veliko Tŭrnovo
24,Deborah,Kennedy,Koloniya Zastav’ye
25,Gregory,Duncan,Ouyang
26,Anne,Bailey,El Espino
27,Frank,Chavez,Myanaung
28,Ruth,Mills,Shymkent
29,Christopher,Garcia,Paris 07
30,Roger,Tucker,Brooklyn
31,Mary,Webb,Chitral
32,Carolyn,Rivera,Avignon
33,Russell,Miller,Jiubao
34,Sean,Kelley,Saeul
35,Jason,Daniels,Abuochiche
36,Terry,Dixon,Parravak’ar
37,Kathryn,Kennedy,Östersund
38,Steve,Watson,Sokolnice
39,Denise,Hamilton,Lyon
40,Tammy,Alvarez,Wołomin
41,Donald,Thompson,Villa Nueva
42,Robert,Gutierrez,Nicosia
43,Debra,Harper,Berlin
44,Wanda,Romero,Vanves
45,Deborah,Hunter,Talshand
46,Brandon,Bradley,Sarykemer
47,Carolyn,Williams,Iwamizawa
48,Billy,Lane,Araçatuba
49,Kathryn,Carpenter,Taldyqorghan
50,Arthur,Burns,Jinchuan
51,Stephen,Black,Rochester
52,Stephanie,Lynch,Mirecourt
53,Brenda,Kim,La Cumbre
54,Tammy,Bowman,Shanggan
55,Bobby,Roberts,Katabu
56,Jennifer,Payne,Mataraben
57,Craig,Campbell,Zhanjiang
58,Terry,Dunn,La Palma
59,Edward,Marshall,Rio Piracicaba
60,Anna,Schmidt,Cipicung Timur
61,Terry,Duncan,Kalanguy
62,Kathy,Hayes,Sacramento
63,Lawrence,Daniels,Navan
64,Eric,Rice,Pianbai
65,Martha,Mendoza,Sandefjord
66,Jane,Hill,Shenavan
67,Jessica,Sanders,Ciparakan
68,Steve,Banks,Nandulehe
69,Lawrence,Hill,Végueta
70,Bonnie,Fields,Nurota Shahri
71,Bonnie,White,Lembang
72,Stephen,Patterson,Gahe
73,Janet,Hicks,Järfälla
74,Angela,Rodriguez,Cipanggung
75,Ruby,Rogers,Shishan
76,Marie,Stanley,Pitai
77,Jimmy,Lawrence,Zicheng
78,Tammy,Bryant,Kemiri
79,Judith,Oliver,Tola
80,Douglas,Adams,Manaloal
81,Catherine,Patterson,Krasnogorskiy
82,Margaret,Chapman,Petite Anse
83,Robin,Carroll,Floreşti
84,Shirley,Adams,Garzón
85,Jason,Russell,Hveragerði
86,Brian,Mason,Al Qanāwiş
87,Sharon,Ortiz,Dvurechensk
88,Bruce,Porter,Santa Nino
89,Nancy,Perry,Girang
90,Diana,James,Providencia
91,Alice,Carter,Marietta
92,Steve,Sanchez,Voorburg
93,Alice,Price,Nizhniy Kurkuzhin
94,Anthony,Romero,Tân Châu
95,Joshua,Collins,Newark
96,Eugene,Scott,Caraguatatuba
97,Susan,George,Zihu
98,Gerald,Barnes,San Isidro
99,Katherine,Daniels,Cruzeiro
100,Kevin,Gomez,Parigi
101,Rachel,King,Xiyuan
102,Doris,Dean,Chachoengsao
103,Philip,Henderson,Kiukasen
104,Andrew,Hunter,Erniusuokou
105,Joe,Robertson,Limoges
106,Maria,Cruz,Cangshi
107,Benjamin,Lopez,Surkhakhi
108,Evelyn,Williamson,Maba
109,Brandon,Duncan,Yaozhou
110,Edward,Ramirez,Tangkou
111,Samuel,Rice,Cama Juan
112,Scott,Powell,Partikan
113,Ralph,Gibson,Fuxing
114,Timothy,Spencer,Jasieniec
115,Lisa,Reynolds,Jiancheng
116,Albert,Fox,Cibodas
117,James,Phillips,Menara
118,Kathryn,King,Višňova
119,Nancy,Stewart,Itauguá
120,John,Austin,Tekik Wetan
121,Wayne,Jacobs,Yamoussoukro
122,Aaron,Brown,Požarevac
123,George,Sanchez,Hanjia
124,Keith,Wright,Banjar Madangan Kaja
125,Arthur,Williamson,Izyaslav
126,Shirley,Tucker,Magaria
127,Rose,Hawkins,Raga
128,Judith,Holmes,Huata
129,Terry,Baker,Isangel
130,Brian,Foster,Kurgan
131,Richard,George,Shujāābād
132,Ashley,Elliott,Lincheng
133,Lori,Gonzalez,Gaptsakh
134,Catherine,Perez,Tokushima-shi
135,Katherine,Howard,Santisimo Rosario
136,Russell,Johnston,Xujiahe
137,Marie,Bennett,Polyarnyy
138,Betty,Porter,Tongjing
139,Carl,Wright,Deir Ḥannā
140,Stephen,Cruz,Berkovitsa
141,Julie,Brown,Mokil
142,Teresa,Mitchell,Hedong
143,Gary,Medina,Gaptsakh
144,Marie,Gordon,Taisen-ri
145,Louis,Green,Altan-Ovoo
146,Lois,Collins,San Andrés
147,Christina,Griffin,San Juan Atitán
148,Martin,Gomez,Gwoźnica Górna
149,Roy,Gordon,Huineno
150,Gloria,Wright,Żarki
151,Aaron,Frazier,Chauk
152,Gary,Morris,Gangmei
153,Janice,Grant,Muyuzi
154,Jessica,Peterson,Taluncemara
155,Frank,Bowman,Wuxia
156,Janet,Boyd,Lakateng
157,Douglas,Shaw,Jiquilillo
158,Willie,Henry,Songhae
159,Katherine,Wilson,Tanjungkerta
160,Denise,Flores,Melun
161,Antonio,Taylor,Sacramento
162,Daniel,Arnold,Nevyts’ke
163,Jessica,Murphy,Esmeralda
164,Rose,Stephens,Carriedo
165,Clarence,Fox,Zaolin
166,Ruth,Meyer,Mungo
167,Janice,Young,Luoxi
168,Gloria,Thompson,Al Quwaysimah
169,Jack,Gonzalez,Soufrière
170,Karen,Lane,Ábrego
171,Janet,Reyes,Garzón
172,Randy,Riley,Curahpacul Satu
173,Anne,Lawrence,Chamouny
174,Adam,Myers,Badaogu
175,Andrea,Porter,Erandique
176,Louise,Miller,Pochinok
177,Kathy,Gilbert,Khānewāl
178,Shawn,Hansen,Baltimore
179,Michelle,Weaver,Nashville
180,Jennifer,Fields,Fteliá
181,Virginia,Mitchell,Gayabaru
182,James,Bryant,Criuleni
183,Katherine,Howard,Kungshamn
184,Brenda,Grant,Ibagué
185,Anna,Henry,Viçosa do Ceará
186,Timothy,Moore,San Luis
187,Tammy,Chapman,Lebu
188,Richard,Garcia,Yelenendorf
189,Sean,Wright,Hebu
190,Joshua,Palmer,Colombo
191,Martha,Ryan,Pueblo
192,Charles,Bowman,Bang Nam Priao
193,Diane,Kelly,Carigara
194,Judith,Moore,Lafia
195,Andrea,Carter,Nancy
196,Kathy,Smith,Jiangguanchi
197,Larry,Hawkins,Sondo
198,Susan,Little,Dosso
199,James,Jenkins,Bolikhan
200,Samuel,Snyder,Santa María Ixhuatán
201,Annie,Welch,Buan
202,Kathleen,Henry,Kaset Sombun
203,Phillip,Patterson,Toyota
204,Rachel,Bishop,Al Tuḩaytā’
205,Diane,White,Londrina
206,Mary,Sanders,Sabang
207,Margaret,Porter,Kiruna
208,Timothy,Lynch,Tungi
209,Eric,Simpson,Chusovoy
210,Brian,Fernandez,Pisão
211,Margaret,Hernandez,Dalamdesa Kalapadua
212,Benjamin,Bryant,Xinkaikou
213,Patricia,Thompson,Sanli
214,Melissa,Murray,Junglinster
215,Janice,Reynolds,Kamen
216,Amy,Turner,Ilihan
217,Sean,Bowman,Iguatu
218,Kenneth,Lewis,Robertsport
219,Daniel,Vasquez,Kuzhorskaya
220,Annie,Bradley,Chaloem Phra Kiat
221,Henry,Murray,Nchelenge
222,Louise,Roberts,Xiaowuzhan
223,Daniel,Little,Guixi
224,Benjamin,Wright,Xiaolou
225,Elizabeth,Weaver,San Antonio Ilotenango
226,Alan,Fernandez,Pirassununga
227,Raymond,Hawkins,Palmasola
228,Sara,Shaw,Floreşti
229,Ruby,Johnston,Leribe
230,Louise,Wells,Armamar
231,Shirley,Vasquez,Valašská Polanka
232,Catherine,Freeman,Cipicung Timur
233,Sandra,Gonzales,Tuanjie
234,Sharon,Collins,Jomsom
235,Joan,Williamson,San Carlos de Bariloche
236,Anne,Young,San Pedro
237,Maria,Fowler,Javorník
238,Joan,Kennedy,Nancy
239,Helen,Hughes,Panadura
240,Bonnie,Porter,Incheon
241,Kenneth,Weaver,Tuamese
242,Jason,Murphy,Granja
243,Johnny,Vasquez,Sosnovka
244,Denise,Chapman,Trzin
245,Charles,Lynch,Memphis
246,Clarence,Simpson,Tagnanan
247,Paula,Taylor,Al Manāqil
248,Bonnie,Lee,Gradil
249,Joe,Cooper,Miyang
250,Brenda,Thomas,Shishan
251,Terry,Gutierrez,Liuhe
252,Carl,Ferguson,Sumuran
253,Karen,Tucker,Bršadin
254,Sara,Porter,Jugezhuang
255,Keith,Rose,Palmira
256,Justin,Cunningham,Zhongping
257,Janice,Jenkins,Jembatandua
258,Christopher,Collins,Jinhua
259,Mary,Adams,Futian
260,Nicole,Stone,Úštěk
261,Virginia,Banks,Walenrang
262,Wanda,Henry,Lebedyan’
263,Nicole,Gardner,Manas
264,Larry,Barnes,Novyy Nekouz
265,George,Murphy,Prosperidad
266,Lisa,Larson,Mūsá Qal‘ah
267,Janice,Chapman,Sanjwāl
268,Dennis,Berry,Karabash
269,Rose,Anderson,Takedamachi
270,Brenda,White,Labangka Satu
271,Frank,Romero,Skołyszyn
272,Emily,Lane,Ad Dawḩah
273,Debra,Chapman,Jintan
274,Stephen,Weaver,Paraguarí
275,Rebecca,Knight,Nîmes
276,Ronald,Sanders,Kuala Lumpur
277,Robert,Burke,Bual
278,Albert,Cruz,Nantes
279,Louise,Hayes,Coroatá
280,Brandon,Stevens,Kembangan
281,Jeffrey,Turner,Kunri
282,Jeremy,Wright,Rimus
283,Sean,Wright,Weyburn
284,Helen,Brown,Kohlu
285,Judy,Anderson,Yur’yevets
286,Andrea,Scott,Quebrada de Arena
287,Marilyn,Riley,São José do Rio Preto
288,Bruce,Rice,'s-Hertogenbosch
289,Eugene,Brown,Hošťka
290,Christopher,Cooper,Daja
291,Julia,Parker,Shangyang
292,David,Bailey,Saint Louis
293,Lawrence,Berry,Biguaçu
294,Janet,Marshall,Wensu
295,Helen,Jones,Gajah
296,Arthur,Fernandez,Rumilly
297,Steven,Sims,Radymno
298,Edward,Thomas,Bago
299,Ashley,Daniels,Canutama
300,Julia,Palmer,Itatiba
301,Diana,Porter,Kulpin
302,Terry,Russell,Zuitou
303,Martha,Murphy,Yingzai
304,Ashley,Simmons,Palermo
305,Dorothy,Gray,Toila
306,Clarence,Perez,Moglicë
307,Sandra,Chavez,Valença
308,Jessica,Roberts,Pyapon
309,Benjamin,Fox,Rokem Barat
310,Ruby,Perry,Varser
311,Paula,Barnes,Cangshan
312,Kenneth,Walker,Rublëvo
313,Steven,Fields,Mokronog
314,Craig,Hayes,Botoh
315,Joan,Morrison,Koutsopódi
316,Pamela,Ramos,Gunung Talang
317,Victor,Wilson,Napanee Downtown
318,Gregory,Carter,Capioví
319,Frances,Mitchell,Bobolice
320,Steve,Jones,Comandante Fontana
321,Gary,Dixon,Rostov
322,William,Franklin,Pampas
323,Melissa,Rodriguez,Montonggamang
324,Ronald,Cook,Gaoxu
325,Amanda,Russell,Almeria
326,Ruth,Powell,Suicheng
327,Chris,Bryant,Mitsukaidō
328,Adam,Cunningham,Oygon
329,Anne,Walker,Tsotsin-Yurt
330,Kathryn,Reyes,Longmen
331,Timothy,Peterson,Uchiza
332,Anna,Johnston,Fort Lauderdale
333,Deborah,Reed,Desa Gegempalan
334,Jesse,Howard,Atalaia
335,Donna,Austin,Krenggan
336,Mark,Carroll,Lopatyn
337,Virginia,Hill,Ratchaburi
338,Brandon,Russell,Huaraz
339,Sandra,James,Newbiggin
340,Janet,Ross,Baisha
341,Kevin,Hart,Iparia
342,Sara,Mills,Torbat-e Jām
343,Joan,Diaz,Betong
344,Wanda,Wagner,Sampao
345,Margaret,Thompson,Wangunjaya
346,Samuel,Larson,Piasek
347,Gloria,Simmons,Kertayuga
348,Phyllis,Harris,Kirovsk
349,Jean,Andrews,Rybinsk
350,Timothy,Scott,Artemivs’k
351,Henry,Porter,Buchanan
352,Benjamin,Riley,Shishan
353,Theresa,Ward,Motrico
354,Ann,Collins,Tomilino
355,Mary,Harper,Babakankalong
356,Todd,Shaw,Stare Juchy
357,Johnny,Hughes,Rantepang
358,Louis,Bishop,Taekas
359,Martin,Matthews,Rozwadza
360,Marie,Wilson,Arroyo Naranjo
361,Tammy,Ford,Bergen
362,Jonathan,Fisher,Sukakerta
363,Anne,Wood,Mtambile
364,Jane,Medina,Minas de Oro
365,Steve,Franklin,Shangde
366,David,Turner,Ancol
367,Stephen,Freeman,Karang Kulon
368,Daniel,Stone,Gueltat Zemmour
369,Maria,Greene,Rathwire
370,Amanda,Daniels,Arroyo Seco
371,Larry,Stewart,Załuski
372,Harry,Kim,Chikan
373,Ruby,Hall,Longchiqiao
374,George,Perkins,Crauthem
375,Fred,Stevens,Mayang
376,Ashley,Patterson,La Tinguiña
377,George,Rice,Skrwilno
378,Louis,Welch,Shangqing
379,Joseph,Fernandez,Ar Ramthā
380,Steve,Garza,Frei Paulo
381,Catherine,Fox,Huacrapuquio
382,Anne,Mendoza,Kindersley
383,Katherine,Jones,Matiguás
384,Mark,Dean,Masaya
385,Sara,Ford,Tandou
386,James,Andrews,Sumberan
387,Samuel,Nichols,Huancabamba
388,Mark,Willis,Tsagaannuur
389,Sarah,Brooks,Baiima
390,Joshua,Cunningham,Радовиш
391,Teresa,Marshall,Borovany
392,Carl,Knight,Tangal
393,Martha,Hill,San Marcos
394,Diane,Gardner,Burgastai
395,Terry,Reid,Vidual
396,Kevin,Wagner,Deán Funes
397,Gerald,Young,Sadahayu
398,Ronald,Rose,Nürnberg
399,Gerald,Simmons,Kempele
400,William,Carroll,Bantar Tengah
401,Lisa,Perez,Tangjiapo
402,Denise,Russell,Managua
403,Ralph,Mendoza,Bobo-Dioulasso
404,Charles,Shaw,Caluquembe
405,Ashley,Ortiz,Baní
406,Jessica,Gonzalez,København
407,Todd,Perez,Linggou
408,Nicholas,Watkins,Sofiyivka
409,Gregory,Robinson,Ejigbo
410,Paula,Sullivan,Oke Iho
411,Sara,Torres,Souto
412,Nicholas,Meyer,Dem’yanovo
413,Arthur,Rogers,Mwense
414,Eugene,Vasquez,Wolfville
415,Benjamin,Rogers,Puerto Rico
416,Timothy,Chavez,Shchëkino
417,Mildred,Washington,Petaling Jaya
418,Tammy,Johnston,Gò Quao
419,Andrea,Richards,Vidnoye
420,Barbara,Hill,Orda
421,Christina,King,Shums’k
422,Peter,Martinez,Hongjia
423,Marie,Howell,Torez
424,Kimberly,Bishop,Jaguarão
425,Patricia,Owens,Barra Velha
426,Andrew,Long,Chernomorskiy
427,Harold,Hansen,Aráchova
428,Christina,Bowman,São Bento
429,Phillip,Kelley,Pandaan
430,Marie,Ortiz,Mullsjö
431,Catherine,Simmons,Borås
432,Brandon,Hayes,Wadi Kidul
433,Willie,Kelly,Weepangali
434,Donald,Hudson,Kaeng Khoi
435,Mark,Walker,Karanggeneng
436,Paula,Garza,Maronge
437,Jennifer,Perry,Bang Racham
438,Chris,Bell,Rislane
439,Brandon,Coleman,Bonao
440,Cynthia,Morales,Lianovérgi
441,Sarah,Peterson,Maslovare
442,James,Carpenter,Guimarães
443,Annie,Hughes,Valerik
444,Scott,Taylor,Cabudare
445,Jose,Wagner,Potrerillos
446,Michelle,Watkins,Wuxi
447,Earl,Snyder,Dvorovi
448,Frank,Banks,Lengkongsari
449,Peter,Gardner,Dallas
450,Brandon,Evans,Al Jubayhah
451,Kelly,Schmidt,Hagi
452,Amanda,Meyer,Sohbatpur
453,Christine,Bishop,Ḩabābah
454,Elizabeth,Rose,Kamalaputi
455,Paul,James,Tuochuan
456,Steven,Grant,Pop Shahri
457,Aaron,Taylor,Al Ḩarf
458,Donna,Cooper,Lokea
459,Kathy,Tucker,Hīrna
460,Jane,Boyd,Shihuang
461,Denise,Lawrence,Alvesta
462,Linda,Phillips,Kashima
463,Kenneth,Gardner,Jiancha
464,Amanda,Burke,Nîmes
465,Louise,Peterson,Al Khānkah
466,Robin,Carroll,Zerok-Alakadari
467,Diane,Powell,Llalli
468,Kathy,Coleman,Liuhe
469,Amanda,Harrison,Baiqi
470,Anne,Knight,Beiyang
471,Martha,Cruz,Krasyliv
472,Brandon,Peters,Karangora
473,Rebecca,Garrett,Toguchin
474,Bruce,Owens,Gunungsubang
475,Alan,Moreno,Kalahang
476,Katherine,Harper,Preobrazhenka
477,Joshua,Adams,Bunder
478,Bobby,Morrison,Romba
479,Michael,Gilbert,Rusocice
480,Mark,Cruz,Casillas
481,Evelyn,Butler,Canhestros
482,Victor,Washington,Valtelheiro
483,Amy,Davis,Annonay
484,Phillip,Hughes,Siderejo
485,Joshua,Morrison,Roczyny
486,Martin,Simpson,Chak Two Hundred Forty-Nine TDA
487,Richard,Evans,Shanling
488,Raymond,Williams,Cicheng
489,Diana,Brooks,Caparrapí
490,Walter,Thomas,Skillingaryd
491,Louise,Davis,Hodkovičky
492,Harry,Graham,Mayakovski
493,Ashley,Kennedy,Varser
494,Jacqueline,Howard,Poitiers
495,Bonnie,Romero,Hägersten
496,Steve,Bryant,Białobrzegi
497,Raymond,Chavez,Jianchang
498,Tammy,Bell,Klyuchevsk
499,Elizabeth,Palmer,Mambago
500,Catherine,Fuller,Zall-Dardhë
501,Ashley,Schmidt,Muliang
502,Jason,Bowman,Dargaz
503,Philip,Ross,Saint-Grégoire
504,Kenneth,Williamson,Thị Trấn Mường Tè
505,Todd,Wood,Canedo
506,Linda,Alvarez,Žalec
507,Andrew,Rivera,Beaufort
508,Earl,Evans,Pabean
509,Judy,Cruz,Lingzhi
510,Antonio,Franklin,Cipeundeuy
511,Christopher,Berry,Bokhan
512,Maria,Simpson,Jeżów
513,Victor,Cook,Flores da Cunha
514,Pamela,George,Shigongqiao
515,Theresa,Meyer,Fengyuan
516,Benjamin,Carpenter,Ribeira Quente
517,Willie,Hawkins,Simo Satu
518,Peter,Fowler,Rosice
519,Rebecca,Henderson,Mangga Dua
520,Joan,Perkins,Tokombere
521,Jose,Romero,Toutuo
522,Brian,Griffin,Paris 11
523,Sandra,Castillo,Rrapë
524,Katherine,Edwards,Horodyshche
525,Jeremy,Parker,Xiasi
526,Susan,Rice,Al Jīzah
527,Gary,Bowman,Pong
528,Peter,Gray,Molepolole
529,David,Lee,Novoishimskiy
530,Dennis,Fields,Longping
531,Lois,Rodriguez,Chłapowo
532,Henry,Reynolds,Taiqing
533,Kathy,Riley,Moorreesburg
534,Joe,Reed,Viengxay
535,Joshua,Ross,Antsirabe
536,Angela,Sanchez,Strasbourg
537,Kevin,Grant,Aguas Verdes
538,Jonathan,Bishop,Ḩājī Khēl
539,Paul,Sims,Outeiro Seco
540,Christina,Kelly,Czyżowice
541,Janice,Franklin,Banjar Tegal Belodan
542,Anne,Armstrong,Paphos
543,Emily,Romero,Östersund
544,Joe,Hughes,Alīpur
545,Carolyn,Fernandez,Aygezard
546,Jeffrey,Montgomery,Chattanooga
547,Christina,Nguyen,Tapilon
548,Diana,Jones,Sirib
549,Aaron,Payne,Eha Amufu
550,Brian,Austin,San Bernardo
551,Betty,Black,Cifuentes
552,Margaret,Duncan,Újezd
553,Jerry,Scott,Youzha
554,Joyce,Harvey,Houba
555,Nicole,Baker,Eindhoven
556,Shawn,Martinez,Ōkawara
557,Donna,Gonzales,Ma Đa Gui
558,David,Kim,Choropampa
559,Carlos,Austin,Xinshi
560,Todd,Moreno,Jieting
561,Henry,Wallace,West Hartford
562,Daniel,Robertson,Arlington
563,Jennifer,Palmer,Pingyang
564,James,Jacobs,Лабуништа
565,Maria,Chapman,Caluire-et-Cuire
566,Wayne,Banks,Gao’an
567,Donald,Crawford,Saint-Gaudens
568,Russell,Henry,Frashër
569,Denise,Campbell,Dasha
570,Peter,Reid,Poste du Lac
571,Richard,Armstrong,Cerrito
572,Ashley,Webb,Niquelândia
573,Roy,Morris,Bajiao
574,Adam,Coleman,Çobansığnaq
575,Rebecca,Richards,Rancaseneng
576,Janet,Bailey,Huskvarna
577,Jack,Morris,Quatre Bornes
578,Christine,Ward,Luleå
579,Kathryn,Lawson,Massaguet
580,Cheryl,Brown,Roslavl’
581,Maria,Wheeler,Rybie
582,Wayne,Williams,Aba
583,Rose,Wagner,Hewa
584,Anne,Rivera,Bella Unión
585,Michael,Butler,San Antonio
586,Douglas,Morrison,Picton
587,Martha,Hernandez,Uticyacu
588,Stephen,Murray,Hutou
589,Louise,Chapman,Priekulė
590,Eugene,Perkins,Paombong
591,Irene,Webb,Paltashaco
592,Julie,Wallace,Bitam
593,Judith,Elliott,Chabany
594,Andrea,Knight,Gao
595,Wayne,Rogers,Bisée
596,Carlos,Sanders,Galesong
597,Denise,Robertson,Urambo
598,Gloria,Ferguson,Joypur Hāt
599,Nancy,Ryan,Indang
600,Ashley,Morris,Huangqiao
601,Thomas,Wood,Dubovka
602,Robert,Ramirez,Akita Shi
603,Craig,Watkins,Calape
604,Julia,Bradley,Qingyang
605,Randy,Roberts,Cipondok
606,David,Willis,Gasan
607,Lisa,Bailey,Moryń
608,Carlos,Ryan,Ifanes
609,Donna,Castillo,El Almendro
610,Virginia,Harris,Drien Rampak
611,Gary,Hayes,Shahe
612,Albert,Bailey,Drakino
613,Joshua,Watson,Mölndal
614,Wayne,Williamson,Āq Qāyeh
615,Barbara,Anderson,Rogóźno
616,Judith,Bell,Seidu
617,Todd,Fernandez,Sumoto
618,Arthur,Shaw,São Félix do Xingu
619,Mildred,Grant,Korolev
620,Stephen,King,El Alto
621,Stephen,Hawkins,Markog
622,Harold,Castillo,Xiangcheng
623,Alan,Hart,Salvador
624,Mark,Ryan,Ipubi
625,Stephanie,Bryant,Xinglong
626,Anne,Hill,San Juan de los Morros
627,Ronald,Lawson,Iporá
628,Benjamin,Hayes,Gayam
629,Christopher,Crawford,Roldanillo
630,Larry,Walker,Langtad
631,Patricia,Rodriguez,Vapnyarka
632,Gregory,Wilson,Milwaukee
633,Brian,Bell,Al Azraq ash Shamālī
634,Maria,Carroll,Kayapa
635,Amy,Burke,Khalīlābād
636,Alan,Kim,Sabang
637,Amanda,Hawkins,Aotou
638,Michelle,Bryant,Lawa-an
639,Christopher,Elliott,Santa Lucía Cotzumalguapa
640,Ruby,Wright,Nanmo
641,Cynthia,Gutierrez,Fulu
642,Wayne,Holmes,Prakhon Chai
643,Catherine,Brooks,Hilotongan
644,Howard,Simmons,Chaihu
645,Keith,Vasquez,Tawaramoto
646,Ernest,Holmes,Zhongxiao
647,Samuel,Porter,Toila
648,Billy,Watkins,Emiliano Zapata
649,David,Fowler,Tumxuk
650,Richard,Brown,Largo
651,Angela,Hernandez,Fujioka
652,Karen,King,Kuching
653,Louis,Riley,Gemo
654,Harry,Meyer,Ngurenrejo
655,Lawrence,Evans,Castelli
656,Gloria,Stanley,Moravský Beroun
657,Joyce,Hall,Edissiya
658,Theresa,Burke,Jining
659,Victor,Shaw,Karata
660,Ernest,Cox,Srunikrajan
661,Ruby,Henderson,Fukuyama
662,Robin,Robertson,Holma
663,Arthur,Jacobs,Sivers’k
664,Clarence,Reid,Sinjil
665,Brenda,Martinez,Laoqiao
666,Karen,Castillo,Paritaman
667,Kevin,Wagner,Macatuba
668,Fred,Matthews,Batugede Kulon
669,Rose,Johnson,Bojawa
670,Walter,Gutierrez,Shixi
671,Peter,Ellis,Jishigang
672,Kathy,Ruiz,Tupambaé
673,Carol,Burke,Vakhsh
674,Bonnie,Watkins,Arzakan
675,Anthony,Brown,Sugiharjo
676,Louis,Simmons,Pa Mok
677,Helen,Fox,Trzciana
678,Jacqueline,Hill,Realeza
679,Bonnie,Reid,Dębe Wielkie
680,Angela,Andrews,Radā‘
681,Sandra,Alvarez,Kyaka
682,Jennifer,Fernandez,Marignane
683,Jonathan,Henderson,Sop Moei
684,Craig,Garcia,San Manuel Chaparrón
685,Deborah,Bradley,Yorii
686,James,Marshall,Awjilah
687,Norma,Evans,Skärholmen
688,Adam,Carter,Shinkafe
689,Michael,Diaz,Yepocapa
690,Chris,Welch,Avignon
691,Lois,Duncan,Yili
692,Kelly,Clark,Pepe
693,Bobby,Cunningham,Pau
694,Charles,Porter,Weixin
695,Sarah,Stanley,Quimper
696,Janice,Sanders,Sumberrojokrajan
697,Charles,Fisher,San Mariano
698,Catherine,Black,Żyraków
699,Sarah,Stephens,Dagang
700,James,Wallace,La Paz Centro
701,Richard,Porter,Frolovo
702,Matthew,Butler,Jargalant
703,Jeremy,Lawson,Klishkivtsi
704,Tina,Hawkins,Al Bawīţī
705,Fred,Davis,Frutal
706,Mark,Reynolds,København
707,David,Parker,Kubang
708,Larry,Duncan,Xinzhu
709,Mildred,Baker,Vaitape
710,Steve,Weaver,Moba
711,Robert,Howell,Sidi Slimane
712,Billy,Porter,Shiraz
713,Juan,Campbell,Saue
714,Charles,Weaver,Agoncillo
715,Ernest,Kim,Polo
716,Annie,Ramirez,Río Segundo
717,Ann,Peterson,Bessonovka
718,Tammy,Flores,Buenos Aires
719,Kelly,Carroll,Karangpete
720,Henry,Day,Jandira
721,Tina,Ward,Yanhong
722,Alice,Scott,Borås
723,Albert,Henderson,Terara
724,Christine,Hansen,San Juan de Manapiare
725,Jason,Day,Janeng
726,Nicole,Allen,Yuanyang
727,Alice,Clark,Gujō
728,Bobby,Ferguson,Tubalan
729,Evelyn,Foster,Qarqīn
730,Pamela,Long,Njivice
731,Alan,Lawson,Sinamar
732,Ann,Morgan,Marseille
733,Wanda,Morales,Toshbuloq
734,Robin,Carroll,Souziqiu
735,Irene,Black,Kajanan
736,Andrea,Snyder,Baicun
737,Richard,Dunn,Bang Mun Nak
738,Jennifer,Rose,Houston
739,Pamela,Willis,Jingcheng
740,Walter,Powell,Rancakole
741,Gerald,Cunningham,Mūsá Qal‘ah
742,Kevin,Wallace,Pestovo
743,Chris,Martin,Clearwater
744,Jessica,Martin,Dadian
745,Jessica,Henry,San Francisco
746,Margaret,Riley,Cakungsari
747,Steve,Marshall,Volosovo
748,Charles,Ramirez,Grebnevo
749,Lillian,Elliott,Argenteuil
750,Sarah,Daniels,Addis Ababa
751,Larry,Alexander,Samaro
752,Gary,Sullivan,Oyam
753,Gloria,Williamson,Ciawi
754,Lori,Cox,Ransiki
755,Alice,Cruz,Skalbmierz
756,Harold,Perry,Zhuanshui
757,Joseph,Owens,Severnyy
758,Andrea,Mason,Ouésso
759,Robert,Burns,Metsavan
760,Jason,Spencer,Ḑawrān ad Daydah
761,Katherine,Hill,Burqah
762,Brenda,Nguyen,Locminé
763,Ann,Robinson,Huoshaoping
764,Gerald,Hill,Kuwumkumambal
765,Daniel,Stevens,Huangzhou
766,Joshua,Nelson,Addiet Canna
767,Helen,Lee,Torino
768,Thomas,Duncan,Petrijevci
769,Marie,Diaz,Roza
770,Fred,Webb,Fenhe
771,Johnny,Medina,Middleton
772,Donald,Hicks,Thị Trấn Cao Phong
773,Juan,Freeman,Novyy Nekouz
774,Victor,Cooper,Hägersten
775,Timothy,Romero,Yanjiang
776,Robert,Thomas,Xiangqiao
777,Amy,Hughes,Vilca
778,Joyce,Hernandez,Ínfias
779,Sarah,Payne,Bamusso
780,Mary,Ruiz,Bayog
781,Richard,Bowman,Tupambaé
782,Roger,Ford,Aţ Ţīrah
783,Alan,Jackson,Guangyi
784,Russell,Day,Pirot
785,Lois,Lee,Salam
786,Kathy,George,Jijiga
787,Betty,Torres,Erping
788,Barbara,Hunt,Banturkrajan
789,Terry,George,At Samat
790,Tammy,Kelly,Pandi
791,Roger,Brooks,Ambunti
792,Cheryl,Castillo,Győr
793,Karen,Clark,Nianqiao
794,Andrea,Lawrence,Psygansu
795,Donald,Campbell,Denpasar
796,Martin,Gilbert,Nakanojōmachi
797,Donna,Snyder,Pomar
798,Margaret,Olson,Vecumnieki
799,Nicholas,Henry,Arnhem
800,James,Flores,Imrīsh
801,Todd,Lane,Nova Era
802,Arthur,Snyder,Hariang
803,Janet,Rodriguez,Pa Mok
804,Janet,Walker,Kraczkowa
805,Jerry,Little,Nuevitas
806,Gary,Murphy,Velas
807,Amy,Cunningham,Gouyan
808,Jose,Jordan,Ramón Castilla
809,Jeffrey,Barnes,Ystad
810,Robert,Jacobs,Parabcan
811,Jerry,Spencer,Thaon-les-Vosges
812,Julie,Gomez,Sukarame
813,Martha,Dunn,Chãos
814,Emily,Gomez,Salamá
815,Jason,Lane,Dubrovka
816,Jack,Hamilton,Mushu
817,Arthur,Armstrong,Little Current
818,Christopher,Porter,Sinŭiju
819,Steven,Hamilton,Mulawato
820,Shirley,Burke,Sibaté
821,Mildred,Holmes,Warungpeuteuy
822,Carl,Holmes,Magisterial
823,Clarence,Thompson,La Goulette
824,Martha,Armstrong,Santa Teresa
825,Daniel,Wright,Verkhnya Syrovatka
826,Kenneth,Jacobs,Zaliznychne
827,Bobby,Perry,Nuuk
828,Henry,Rose,Slobozia
829,James,Morales,Stockholm
830,Bonnie,Fisher,Heret
831,Jane,Montgomery,Baicheng
832,Doris,Rice,Senglea
833,Evelyn,Adams,Ostrožská Lhota
834,Adam,Williams,Oriximiná
835,Annie,Cook,Gapuk
836,Joyce,Reyes,Mingguang
837,Catherine,Myers,Van Nuys
838,Timothy,Mitchell,Kislovodsk
839,Martin,Anderson,Didi Lilo
840,Rebecca,Torres,Andradas
841,Tammy,Long,Manukau City
842,Ryan,Jacobs,Cocachacra
843,Kelly,Arnold,Kosong
844,David,Phillips,Orodara
845,Jose,Ramos,Jinchang
846,Harold,Morales,Port Louis
847,Wanda,Clark,Muli
848,Betty,Ryan,Zhitan
849,Robin,Davis,Fovissste
850,Gregory,Duncan,Portela
851,Laura,Hayes,Nofoali‘i
852,Teresa,Henderson,Inírida
853,Melissa,Martin,Zhaxi
854,Philip,Woods,Chengxi
855,Lois,Rodriguez,Masina
856,Virginia,Kelley,Sanlei
857,Phyllis,Schmidt,Kachkanar
858,Kathy,Moore,San Juan de la Maguana
859,Keith,Peters,Huangludian
860,Jean,Mccoy,Vapnyarka
861,Laura,Wood,Krajan Gading
862,Willie,Simmons,Mojorembun
863,Paula,Cooper,Zuogaimanma
864,Beverly,Lane,Nelahozeves
865,Amanda,Jordan,Struga
866,Angela,Alexander,Maodao
867,Amy,Phillips,Ранковце
868,Evelyn,Miller,Paris 08
869,Kenneth,Morrison,Puerto Santander
870,Ann,Young,Trollhättan
871,Justin,Elliott,Lobito
872,Jean,Carr,Bowen Island
873,Jack,Lawson,Atescatempa
874,Laura,Ray,Koran
875,Sarah,Stevens,Novoaleksandrovsk
876,Patrick,Mendoza,Varge Mondar
877,Willie,Vasquez,Willowmore
878,Betty,Owens,Sukmoilang
879,Charles,Green,La Concordia
880,Frank,Reid,Ängelholm
881,Henry,Davis,Xiaojin
882,Cheryl,Long,Laimuda
883,Nicole,Wallace,La Palma
884,Steven,Medina,Longmen
885,Janice,Elliott,Ust’-Kut
886,Amanda,Warren,Fatukanutu
887,Gloria,Fisher,Nyandoma
888,Rose,Ford,Dunhao
889,Louis,Richardson,Ibirataia
890,William,Schmidt,Ratchaburi
891,Juan,Patterson,New York City
892,Paul,Chavez,Maţarah
893,John,Duncan,Reims
894,Judith,Meyer,Krasna
895,Henry,Bishop,Ozerki
896,Jennifer,Burton,Serrinha
897,Peter,Johnson,San Sebastian
898,Billy,Perkins,Sanquan
899,Howard,Fisher,Nuquí
900,Annie,Wagner,Zaoshi
901,Linda,Carter,Meruge
902,Kathy,Phillips,Voloshka
903,Michelle,Harris,Radenković
904,Matthew,Dunn,Brampton
905,Norma,Morales,Gibbons
906,Raymond,West,Tanjungbatu
907,Lori,Ryan,Matsubara
908,Emily,Taylor,Cikiruh Wetan
909,Richard,Hunter,Ciawitali
910,Anne,Russell,Privas
911,George,Morris,Casisang
912,Janet,Mason,Uyovu
913,Frances,Coleman,Shiqian
914,William,Daniels,Jīt
915,Sandra,Rodriguez,Banjar Dharmasemedi
916,Jacqueline,Howell,Moate
917,Sandra,Fuller,Kupusina
918,Theresa,Mccoy,Carmo do Paranaíba
919,Pamela,Burton,Bhalil
920,Susan,Porter,Xike
921,Henry,Simmons,Duraykīsh
922,Kevin,Murphy,Siumate
923,Carol,Stone,Pirassununga
924,Betty,Stewart,Kedungbulu
925,Todd,Morris,San Quintin
926,Bruce,Stanley,Boniewo
927,Earl,Warren,Zijin
928,Wayne,Marshall,Xinchong
929,James,Mcdonald,Jēkabpils
930,Randy,Edwards,Tselinnoye
931,Jeffrey,Grant,Istres
932,Jessica,Bennett,Cali
933,Eric,Reed,Nyazepetrovsk
934,Shirley,Gardner,Loma Bonita
935,Daniel,Bailey,Itajuípe
936,Roy,Brown,Walferdange
937,Joyce,Jacobs,Mozirje
938,Bonnie,Anderson,Dongqinggou
939,Louise,Ramirez,Jepat Kidul
940,Kathryn,Vasquez,Shimeitang
941,Joan,Campbell,Yugang
942,Antonio,Gibson,Ngala
943,Maria,Kennedy,Zhonghe
944,Doris,Mason,Haradzyeya
945,Bruce,Sims,Quintã
946,Beverly,Jenkins,Zhangaqorghan
947,Lois,Wright,Washington
948,Jimmy,Watson,Ouani
949,Jeremy,Gonzalez,Sriwing
950,Andrew,Simmons,New Orleans
951,Louise,Sanchez,Leppävirta
952,Janice,Berry,Sennoy
953,Martin,Harper,Perzów
954,Roger,Edwards,Al ‘Āliyah
955,Rachel,Gonzalez,Phunphin
956,Theresa,Meyer,Gande
957,Anne,King,Cayungnan
958,Bruce,Perez,Gangnan
959,Lillian,Jackson,Tubualá
960,Arthur,Thompson,Klole
961,Anne,Gardner,Sukmoilang
962,Thomas,Larson,Dalam
963,Teresa,Gray,Moriya
964,Kathryn,Torres,Vinkkilä
965,Michelle,Armstrong,Mbanza-Ngungu
966,Jeremy,Greene,Betania
967,Dorothy,Banks,Mizhhir’ya
968,Larry,Johnston,Vrangel’
969,Michelle,Freeman,Kristinehamn
970,Keith,Sanders,Przybyszówka
971,Arthur,Duncan,Montpellier
972,Deborah,Kennedy,Wanzhai
973,Arthur,Allen,Dingshu
974,Denise,Wells,Krajan Bejagung
975,Victor,Martinez,San Francisco
976,Paul,Mccoy,Al Ḩarāk
977,Ryan,Larson,Abelheira
978,Lisa,Fuller,Jistebník
979,Mark,Reid,Krajan Langenharjo
980,Douglas,Perry,Cairani
981,Bruce,Parker,Novohrad-Volyns’kyy
982,Joyce,Romero,San Isidro
983,Dorothy,Ellis,Puteran Kidul
984,Ruth,Fuller,Simnas
985,Janice,Roberts,Huxu
986,Louis,Wagner,San Bartolomé Milpas Altas
987,Nicholas,Garcia,Dayangqi
988,Jane,Harper,Guantang
989,Harry,Rodriguez,Guadalupe
990,Kathryn,Andrews,Chernukha
991,Julie,Crawford,Urshel’skiy
992,Joyce,Carr,Limeira
993,Harold,Scott,Serang
994,David,Gonzalez,Poroçan
995,Lori,Wood,Hoxtolgay
996,Sandra,Rodriguez,Mueang Suang
997,Nancy,Lynch,Sankt Andrä-Höch
998,Benjamin,Coleman,Krajan Sumurtawang
999,Shawn,Crawford,Gampola
1000,Kathleen,Reed,Oropesa
